# ************************************************************
# Sequel Pro SQL dump
# Version 4096
#
# http://www.sequelpro.com/
# http://code.google.com/p/sequel-pro/
#
# Host: 127.0.0.1 (MySQL 5.6.23)
# Database: test
# Generation Time: 2015-07-25 02:45:20 +0000
# ************************************************************


/*!40101 SET @OLD_CHARACTER_SET_CLIENT=@@CHARACTER_SET_CLIENT */;
/*!40101 SET @OLD_CHARACTER_SET_RESULTS=@@CHARACTER_SET_RESULTS */;
/*!40101 SET @OLD_COLLATION_CONNECTION=@@COLLATION_CONNECTION */;
/*!40101 SET NAMES utf8 */;
/*!40014 SET @OLD_FOREIGN_KEY_CHECKS=@@FOREIGN_KEY_CHECKS, FOREIGN_KEY_CHECKS=0 */;
/*!40101 SET @OLD_SQL_MODE=@@SQL_MODE, SQL_MODE='NO_AUTO_VALUE_ON_ZERO' */;
/*!40111 SET @OLD_SQL_NOTES=@@SQL_NOTES, SQL_NOTES=0 */;


# Dump of table department
# ------------------------------------------------------------

DROP TABLE IF EXISTS `department`;

CREATE TABLE `department` (
  `DNUMBER` int(11) NOT NULL,
  `DNAME` varchar(15) NOT NULL,
  `MGRSSN` char(9) DEFAULT NULL,
  `MGRSTARTDATE` datetime DEFAULT NULL,
  PRIMARY KEY (`DNUMBER`),
  KEY `FK_DEPARTMENT_EMPLOYEE` (`MGRSSN`),
  CONSTRAINT `FK_DEPARTMENT_EMPLOYEE` FOREIGN KEY (`MGRSSN`) REFERENCES `employee` (`SSN`)
) ENGINE=InnoDB DEFAULT CHARSET=utf8;

LOCK TABLES `department` WRITE;
/*!40000 ALTER TABLE `department` DISABLE KEYS */;

INSERT INTO `department` (`DNUMBER`, `DNAME`, `MGRSSN`, `MGRSTARTDATE`)
VALUES
	(1,'HEADQUARTERS','888665555','1981-06-19 00:00:00'),
	(4,'ADMINISTRATION','987654321','1995-01-01 00:00:00'),
	(5,'RESEARCH','333445555','1988-05-22 00:00:00');

/*!40000 ALTER TABLE `department` ENABLE KEYS */;
UNLOCK TABLES;


# Dump of table dependent
# ------------------------------------------------------------

DROP TABLE IF EXISTS `dependent`;

CREATE TABLE `dependent` (
  `ESSN` char(9) NOT NULL,
  `DEPENDENT_NAME` varchar(15) NOT NULL,
  `SEX` char(1) DEFAULT NULL,
  `BDATE` datetime NOT NULL,
  `RELATIONSHIP` char(10) DEFAULT NULL,
  PRIMARY KEY (`ESSN`,`DEPENDENT_NAME`),
  CONSTRAINT `FK_DEPENDENT_EMPLOYEE` FOREIGN KEY (`ESSN`) REFERENCES `employee` (`SSN`)
) ENGINE=InnoDB DEFAULT CHARSET=utf8;

LOCK TABLES `dependent` WRITE;
/*!40000 ALTER TABLE `dependent` DISABLE KEYS */;

INSERT INTO `dependent` (`ESSN`, `DEPENDENT_NAME`, `SEX`, `BDATE`, `RELATIONSHIP`)
VALUES
	('123456789','ALICE','F','1978-12-31 00:00:00','DAUGHTER'),
	('123456789','ELIZQBETH','F','1957-05-05 00:00:00','SPOUSE'),
	('123456789','MICHAEL','M','1978-01-01 00:00:00','SON'),
	('333445555','ALICE','F','1976-04-05 00:00:00','DAUGHTER'),
	('333445555','JOY','F','1948-05-03 00:00:00','SPOUSE'),
	('333445555','THEODDORE','M','1932-02-29 00:00:00','SON'),
	('987654321','ABNER','M','1932-02-29 00:00:00','SPOUSE');

/*!40000 ALTER TABLE `dependent` ENABLE KEYS */;
UNLOCK TABLES;


# Dump of table dept_locations
# ------------------------------------------------------------

DROP TABLE IF EXISTS `dept_locations`;

CREATE TABLE `dept_locations` (
  `DNUMBER` int(11) NOT NULL,
  `DLOCATION` varchar(15) NOT NULL,
  PRIMARY KEY (`DNUMBER`,`DLOCATION`),
  CONSTRAINT `FK_DEPT_LOCATIONS_DEPARTMENT` FOREIGN KEY (`DNUMBER`) REFERENCES `department` (`DNUMBER`) ON DELETE CASCADE ON UPDATE CASCADE
) ENGINE=InnoDB DEFAULT CHARSET=utf8;

LOCK TABLES `dept_locations` WRITE;
/*!40000 ALTER TABLE `dept_locations` DISABLE KEYS */;

INSERT INTO `dept_locations` (`DNUMBER`, `DLOCATION`)
VALUES
	(1,'HOUSTON'),
	(4,'STAFFORD'),
	(5,'BELLAIRE'),
	(5,'HOUSTON'),
	(5,'SUGARLAND');

/*!40000 ALTER TABLE `dept_locations` ENABLE KEYS */;
UNLOCK TABLES;


# Dump of table employee
# ------------------------------------------------------------

DROP TABLE IF EXISTS `employee`;

CREATE TABLE `employee` (
  `SSN` char(9) NOT NULL,
  `FNAME` varchar(15) NOT NULL,
  `MINIT` char(1) DEFAULT NULL,
  `LNAME` varchar(15) NOT NULL,
  `BDATE` datetime DEFAULT NULL,
  `ADDRESS` varchar(30) DEFAULT NULL,
  `SEX` char(1) DEFAULT NULL,
  `SALARY` float DEFAULT NULL,
  `SUPERSSN` char(9) DEFAULT NULL,
  `DNO` int(11) NOT NULL DEFAULT '1',
  PRIMARY KEY (`SSN`),
  KEY `FK_EMPLOYEE_DEPARTMENT` (`DNO`),
  KEY `FK_EMPLOYEE_EMPLOYEE` (`SUPERSSN`),
  CONSTRAINT `FK_EMPLOYEE_DEPARTMENT` FOREIGN KEY (`DNO`) REFERENCES `department` (`DNUMBER`),
  CONSTRAINT `FK_EMPLOYEE_EMPLOYEE` FOREIGN KEY (`SUPERSSN`) REFERENCES `employee` (`SSN`)
) ENGINE=InnoDB DEFAULT CHARSET=utf8;

LOCK TABLES `employee` WRITE;
/*!40000 ALTER TABLE `employee` DISABLE KEYS */;

INSERT INTO `employee` (`SSN`, `FNAME`, `MINIT`, `LNAME`, `BDATE`, `ADDRESS`, `SEX`, `SALARY`, `SUPERSSN`, `DNO`)
VALUES
	('123456789','JOHN','B','SMITH','1955-09-01 00:00:00','731 FONDREN, HOUSTON, TX','M',30000,'333445555',1),
	('333445555','FRANKLIN','T','WONG','1945-08-10 00:00:00','628 VOSS, HOUSTON, TX','M',40000,'888665555',5),
	('453453453','JOYCE','A','ENGLISH','1962-01-31 00:00:00','5631 RICE, HOUSTON, TX','F',25000,'333445555',5),
	('666884444','RAMESH','K','NARAYAN','1952-08-15 00:00:00','975 FIRE OAK, HUMBLE, TX','M',38000,'333445555',5),
	('888665555','JAMES','E','BORG','1927-10-11 00:00:00','450 STONE, HOUSTON, TX','M',55000,NULL,5),
	('987654321','JENNIFER','S','WALLACE','1931-01-20 00:00:00','291 BERRY, BELLAIRE, TX','F',43000,'888665555',1),
	('987987987','AHMED','V','JABBAR','1959-03-29 00:00:00','980 DALLAS, HOUSTON, TX','M',25000,'987654321',4),
	('999887777','ALICIA','J','ZELAYA','1958-06-19 00:00:00','3321 CASTKE, SPRING, TX','F',25000,'987654321',4);

/*!40000 ALTER TABLE `employee` ENABLE KEYS */;
UNLOCK TABLES;


# Dump of table project
# ------------------------------------------------------------

DROP TABLE IF EXISTS `project`;

CREATE TABLE `project` (
  `PNUMBER` int(11) NOT NULL,
  `PNAME` varchar(15) NOT NULL,
  `PLOCATION` varchar(15) DEFAULT NULL,
  `DNUM` int(11) NOT NULL,
  PRIMARY KEY (`PNUMBER`),
  KEY `FK_PROJECT_DEPARTMENT` (`DNUM`),
  CONSTRAINT `FK_PROJECT_DEPARTMENT` FOREIGN KEY (`DNUM`) REFERENCES `department` (`DNUMBER`)
) ENGINE=InnoDB DEFAULT CHARSET=utf8;

LOCK TABLES `project` WRITE;
/*!40000 ALTER TABLE `project` DISABLE KEYS */;

INSERT INTO `project` (`PNUMBER`, `PNAME`, `PLOCATION`, `DNUM`)
VALUES
	(1,'PRODUCTX','BELLAIRE',5),
	(2,'PRODUCTY','SUGRLAND',5),
	(3,'PRODUCTZ','HOUSTON',5),
	(10,'COMPUTERIZATION','STAFFORD',4),
	(20,'REORGANIZATION','HOUSTON',1),
	(30,'NEWBENEFITS','STAFFORD',4);

/*!40000 ALTER TABLE `project` ENABLE KEYS */;
UNLOCK TABLES;


# Dump of table user
# ------------------------------------------------------------

DROP TABLE IF EXISTS `user`;

CREATE TABLE `user` (
  `id` int(11) NOT NULL AUTO_INCREMENT,
  `account` varchar(255) DEFAULT NULL,
  `password` varchar(32) DEFAULT NULL,
  PRIMARY KEY (`id`)
) ENGINE=InnoDB DEFAULT CHARSET=latin1;

LOCK TABLES `user` WRITE;
/*!40000 ALTER TABLE `user` DISABLE KEYS */;

INSERT INTO `user` (`id`, `account`, `password`)
VALUES
	(1,'abc','202cb962ac59075b964b07152d234b70');

/*!40000 ALTER TABLE `user` ENABLE KEYS */;
UNLOCK TABLES;


# Dump of table works_on
# ------------------------------------------------------------

DROP TABLE IF EXISTS `works_on`;

CREATE TABLE `works_on` (
  `ESSN` char(9) NOT NULL,
  `PNO` int(11) NOT NULL,
  `HOURS` float DEFAULT NULL,
  PRIMARY KEY (`ESSN`,`PNO`),
  KEY `FK_WORKS_ON_PROJECT` (`PNO`),
  CONSTRAINT `FK_WORKS_ON_EMPLOYEE` FOREIGN KEY (`ESSN`) REFERENCES `employee` (`SSN`),
  CONSTRAINT `FK_WORKS_ON_PROJECT` FOREIGN KEY (`PNO`) REFERENCES `project` (`PNUMBER`)
) ENGINE=InnoDB DEFAULT CHARSET=utf8;

LOCK TABLES `works_on` WRITE;
/*!40000 ALTER TABLE `works_on` DISABLE KEYS */;

INSERT INTO `works_on` (`ESSN`, `PNO`, `HOURS`)
VALUES
	('123456789',1,32.5),
	('123456789',2,7.5),
	('333445555',2,10),
	('333445555',3,10),
	('333445555',10,10),
	('333445555',20,10),
	('453453453',1,20),
	('453453453',2,20),
	('666884444',3,40),
	('888665555',20,NULL),
	('987654321',20,15),
	('987654321',30,20),
	('987987987',10,35),
	('987987987',30,5),
	('999887777',10,10),
	('999887777',30,30);

/*!40000 ALTER TABLE `works_on` ENABLE KEYS */;
UNLOCK TABLES;



/*!40111 SET SQL_NOTES=@OLD_SQL_NOTES */;
/*!40101 SET SQL_MODE=@OLD_SQL_MODE */;
/*!40014 SET FOREIGN_KEY_CHECKS=@OLD_FOREIGN_KEY_CHECKS */;
/*!40101 SET CHARACTER_SET_CLIENT=@OLD_CHARACTER_SET_CLIENT */;
/*!40101 SET CHARACTER_SET_RESULTS=@OLD_CHARACTER_SET_RESULTS */;
/*!40101 SET COLLATION_CONNECTION=@OLD_COLLATION_CONNECTION */;
